sample_id,nearest_neighbor_rmsd_A,3.8A_hamiltonian_rmsd_A,fiedler_edgece_rmsd_A,fiedler_edgece_mse_rmsd_A,rmsd_decoder_permce_rmsd_A
0,2.417929172515869,9.999999747378752e-05,0.0037178455386310816,0.0037178455386310816,1.1419917345046997
1,9.999999747378752e-05,9.999999747378752e-05,0.0032967934384942055,0.0032967934384942055,2.3179092407226562
2,9.999999747378752e-05,9.999999747378752e-05,22.13343620300293,0.003258997807279229,3.2277801036834717
3,17.36506462097168,17.36506462097168,17.3648624420166,17.364957809448242,17.444854736328125
4,19.628772735595703,16.176233291625977,24.563779830932617,0.0036256995517760515,3.1034202575683594
5,5.266977310180664,4.338973522186279,26.420358657836914,18.007442474365234,17.32740020751953
6,9.999999747378752e-05,9.999999747378752e-05,15.993203163146973,14.711009979248047,15.221539497375488
7,13.630779266357422,9.999999747378752e-05,16.235374450683594,0.002865414833649993,9.197646141052246
8,23.292285919189453,22.141780853271484,19.14474868774414,18.27117347717285,20.808462142944336
9,9.999999747378752e-05,9.999999747378752e-05,0.0038056597113609314,0.0038056597113609314,2.5938315391540527
10,9.999999747378752e-05,9.999999747378752e-05,0.0034123335499316454,0.0034123335499316454,2.18803334236145
11,9.999999747378752e-05,9.999999747378752e-05,0.0034263823181390762,0.0034263823181390762,2.5022945404052734
12,9.999999747378752e-05,9.999999747378752e-05,0.0038544610142707825,0.0038544610142707825,2.584369421005249
13,9.999999747378752e-05,9.999999747378752e-05,0.0034763780422508717,0.0034763780422508717,2.8432652950286865
14,9.999999747378752e-05,4.308902263641357,16.831295013427734,0.0029295722488313913,0.9263364672660828
15,11.510622024536133,9.999999747378752e-05,0.0027054795064032078,0.002706092782318592,2.775322198867798
16,9.999999747378752e-05,9.999999747378752e-05,0.01877738907933235,0.003628002479672432,10.478168487548828
17,9.999999747378752e-05,0.8509775400161743,0.00418888172134757,0.004188871942460537,3.3841331005096436
18,9.999999747378752e-05,9.999999747378752e-05,0.004058139864355326,0.004057869780808687,4.46513557434082
19,9.999999747378752e-05,9.999999747378752e-05,0.003920251969248056,0.003920978866517544,5.966778755187988
20,9.999999747378752e-05,9.999999747378752e-05,0.003333328990265727,0.003333328990265727,7.010695934295654
21,9.999999747378752e-05,9.999999747378752e-05,0.0037380538415163755,0.0037380538415163755,2.402818441390991
22,23.372333526611328,23.51144027709961,28.88990020751953,26.772876739501953,18.115638732910156
23,13.059086799621582,7.0275678634643555,13.693273544311523,16.233821868896484,2.8559343814849854
24,9.999999747378752e-05,9.999999747378752e-05,14.26965618133545,14.143365859985352,2.14080810546875
25,9.999999747378752e-05,9.999999747378752e-05,0.0037252481561154127,0.0037252481561154127,2.753586769104004
26,9.999999747378752e-05,9.999999747378752e-05,0.003286740044131875,0.003286740044131875,2.153258800506592
27,9.999999747378752e-05,9.999999747378752e-05,0.003106330521404743,0.003106330521404743,2.346707344055176
28,0.7378971576690674,9.999999747378752e-05,0.0031598256900906563,0.0031598256900906563,2.8834168910980225
29,5.825119972229004,9.999999747378752e-05,0.0037671816535294056,0.0037671816535294056,3.135420322418213
30,9.999999747378752e-05,9.999999747378752e-05,0.0039033202920109034,0.003903313772752881,2.6936352252960205
31,1.9485410451889038,9.999999747378752e-05,20.0211181640625,0.0034922289196401834,2.3576571941375732
32,13.410833358764648,18.65545654296875,0.0038528020959347486,0.0038528020959347486,3.2842774391174316
33,9.999999747378752e-05,9.999999747378752e-05,0.0037103730719536543,0.003710376098752022,5.421195030212402
34,9.999999747378752e-05,16.26685333251953,0.004569157026708126,0.004569157026708126,4.834800720214844
35,9.999999747378752e-05,9.999999747378752e-05,0.003664687741547823,0.003664487274363637,6.512697696685791
36,9.999999747378752e-05,9.999999747378752e-05,0.0038193059153854847,0.0038193059153854847,1.8950971364974976
37,0.4789157807826996,0.4789157807826996,16.545801162719727,13.802258491516113,11.074483871459961
38,9.999999747378752e-05,9.999999747378752e-05,0.003627405036240816,0.0036274068988859653,3.3125147819519043
39,7.218421936035156,20.72643280029297,0.003635554574429989,0.003635590197518468,6.844376087188721
40,0.2948940396308899,19.60052490234375,1.470435380935669,4.851509094238281,17.152450561523438
41,9.999999747378752e-05,9.999999747378752e-05,0.004081969149410725,0.004081968683749437,14.644434928894043
42,19.793312072753906,21.767534255981445,21.99355697631836,21.7825870513916,19.267803192138672
43,9.999999747378752e-05,11.550193786621094,0.003769389819353819,0.003769389819353819,2.737522840499878
44,9.999999747378752e-05,9.999999747378752e-05,29.28958511352539,0.005372827872633934,3.715423107147217
45,13.463072776794434,13.463072776794434,2.5866870880126953,0.0048007178120315075,2.056731939315796
46,9.999999747378752e-05,9.999999747378752e-05,0.0036687247920781374,0.0036687247920781374,2.7666208744049072
47,0.3231455087661743,0.3231455087661743,0.3039216995239258,0.6692785024642944,3.3037819862365723
48,13.556739807128906,14.914803504943848,13.567802429199219,13.498602867126465,18.931642532348633
49,0.6832916736602783,9.999999747378752e-05,0.003505581757053733,0.0035055719781666994,3.6918201446533203
50,16.95146369934082,9.999999747378752e-05,0.003753304248675704,0.003753304248675704,3.5129454135894775
51,9.999999747378752e-05,9.999999747378752e-05,0.0030675004236400127,0.0030675004236400127,1.998166799545288
52,10.975215911865234,11.064435958862305,0.07229889929294586,14.388264656066895,2.5788681507110596
53,9.999999747378752e-05,9.999999747378752e-05,0.002717354567721486,0.002717354567721486,1.3834208250045776
54,0.6981500387191772,9.999999747378752e-05,0.0035680586006492376,0.003568059066310525,2.4514901638031006
55,22.58485221862793,26.132566452026367,32.65714645385742,17.43975257873535,21.798927307128906
56,9.999999747378752e-05,9.999999747378752e-05,0.003274164628237486,0.003274068236351013,8.65968132019043
57,9.999999747378752e-05,9.999999747378752e-05,0.0031009477097541094,0.0031009477097541094,2.1764063835144043
58,9.999999747378752e-05,9.999999747378752e-05,0.0035745492205023766,0.0035745492205023766,2.737889051437378
59,6.944979667663574,9.999999747378752e-05,0.0030223499052226543,0.0030223499052226543,2.258951187133789
60,9.999999747378752e-05,9.999999747378752e-05,0.004631020128726959,0.004631020128726959,0.28740110993385315
61,9.999999747378752e-05,9.999999747378752e-05,0.004119744524359703,0.004119744524359703,2.1191153526306152
62,9.999999747378752e-05,9.999999747378752e-05,0.0031492949929088354,0.0031492949929088354,1.6603233814239502
63,9.999999747378752e-05,9.999999747378752e-05,0.003502746345475316,0.003502746345475316,2.427123785018921
64,17.860322952270508,9.999999747378752e-05,0.003065388882532716,0.003065388882532716,2.1391046047210693
65,9.999999747378752e-05,9.999999747378752e-05,0.0031550622079521418,0.0031550622079521418,1.8536159992218018
66,12.404024124145508,9.999999747378752e-05,0.0035118558444082737,0.0035118558444082737,3.916595935821533
67,8.674253463745117,5.482693195343018,14.044880867004395,14.98363208770752,5.900366306304932
68,17.916683197021484,17.916683197021484,18.168001174926758,17.916770935058594,17.524341583251953
69,9.999999747378752e-05,9.999999747378752e-05,0.014509896747767925,0.004887296352535486,7.052753925323486
70,9.999999747378752e-05,9.999999747378752e-05,0.03563063219189644,0.0037882342003285885,4.474234580993652
71,9.999999747378752e-05,9.999999747378752e-05,0.003275159979239106,0.003275159979239106,2.289350986480713
72,9.999999747378752e-05,9.999999747378752e-05,0.0030336619820445776,0.0030336619820445776,1.5147069692611694
73,9.999999747378752e-05,9.999999747378752e-05,0.004319050814956427,0.004319050814956427,2.308178186416626
74,9.999999747378752e-05,9.999999747378752e-05,0.0036444736178964376,0.0036444489378482103,3.299553632736206
75,6.68185567855835,4.644920825958252,21.647878646850586,0.0034655099734663963,3.707172393798828
76,21.228355407714844,0.9587017893791199,20.34630012512207,0.0037088370881974697,3.6736738681793213
77,9.999999747378752e-05,9.999999747378752e-05,0.003906799480319023,0.003906808793544769,3.175159215927124
78,9.999999747378752e-05,9.999999747378752e-05,0.0037558656185865402,0.0037558656185865402,4.392571926116943
79,9.999999747378752e-05,9.999999747378752e-05,0.0026541983243077993,0.0026541983243077993,0.6812922954559326
80,15.501214981079102,12.47953987121582,15.873498916625977,12.479323387145996,12.432708740234375
81,1.0765308141708374,9.999999747378752e-05,0.0038544905837625265,0.003854449139907956,4.580865383148193
82,9.999999747378752e-05,9.999999747378752e-05,0.0035326171200722456,0.0035326166544109583,2.7650718688964844
83,9.999999747378752e-05,9.999999747378752e-05,0.003714611055329442,0.003714611055329442,2.7164053916931152
84,9.999999747378752e-05,9.999999747378752e-05,18.46318244934082,0.0034208744764328003,12.132791519165039
85,9.999999747378752e-05,11.22304916381836,0.004049323499202728,0.004049316514283419,2.6216318607330322
86,9.999999747378752e-05,9.999999747378752e-05,0.003072052961215377,0.003072052961215377,1.928314208984375
87,9.999999747378752e-05,9.999999747378752e-05,16.801048278808594,0.004094862844794989,2.2028136253356934
88,9.92017936706543,9.999999747378752e-05,0.004567658994346857,0.004567658994346857,6.438165664672852
89,9.999999747378752e-05,9.999999747378752e-05,0.003722602967172861,0.003722602967172861,2.7041404247283936
90,9.999999747378752e-05,9.999999747378752e-05,5.9081268310546875,14.963960647583008,13.144673347473145
91,1.112274169921875,9.999999747378752e-05,0.003058857750147581,0.003058857750147581,2.356130838394165
92,0.6467322111129761,9.999999747378752e-05,0.005429977551102638,0.005429977551102638,3.6445107460021973
93,0.5684866309165955,9.999999747378752e-05,0.004097853321582079,0.004097853321582079,5.373989582061768
94,9.999999747378752e-05,9.999999747378752e-05,0.004149978049099445,0.004149978049099445,2.4611260890960693
95,9.999999747378752e-05,9.999999747378752e-05,0.0038667386397719383,0.0038667386397719383,3.237621784210205
96,11.25986385345459,11.25986385345459,16.101713180541992,17.725872039794922,12.270488739013672
97,14.05762004852295,9.999999747378752e-05,17.852169036865234,0.0037168681155890226,3.0329198837280273
98,15.914045333862305,0.4217367172241211,1.8983380794525146,0.36175212264060974,6.260711669921875
99,20.207874298095703,15.154141426086426,0.6538249254226685,0.04437412694096565,13.536826133728027
100,9.999999747378752e-05,9.999999747378752e-05,0.00434729503467679,0.00434729503467679,3.1102585792541504
101,14.973732948303223,9.999999747378752e-05,0.0028582855593413115,0.0028582855593413115,2.426068067550659
102,20.34218406677246,19.209274291992188,14.824286460876465,15.10042953491211,10.454376220703125
103,8.511797904968262,8.511797904968262,14.622060775756836,9.031991004943848,9.030238151550293
104,9.999999747378752e-05,9.999999747378752e-05,0.0065019200555980206,0.00650191493332386,6.7705607414245605
105,0.52284175157547,10.336136817932129,0.010296547785401344,0.010296547785401344,8.377875328063965
106,9.999999747378752e-05,9.999999747378752e-05,0.003915149252861738,0.003915149252861738,2.5385818481445312
107,9.999999747378752e-05,9.999999747378752e-05,0.0034669232554733753,0.003466922789812088,2.5793821811676025
108,18.467750549316406,18.467750549316406,15.999351501464844,16.35941505432129,2.981995105743408
109,9.999999747378752e-05,9.999999747378752e-05,0.0034066627267748117,0.0034066627267748117,1.898616909980774
110,1.9893256425857544,10.14292049407959,14.252060890197754,13.990338325500488,10.880070686340332
111,21.313495635986328,28.36618423461914,1.0370231866836548,1.0489611625671387,5.329558849334717
112,9.999999747378752e-05,9.999999747378752e-05,0.003883574390783906,0.003883574390783906,3.640684127807617
113,9.999999747378752e-05,9.999999747378752e-05,0.004179080948233604,0.004179080948233604,2.442430257797241
114,8.507709503173828,8.507709503173828,1.7863638401031494,0.12268172204494476,2.836019277572632
115,9.999999747378752e-05,9.999999747378752e-05,0.003719111206009984,0.003719111206009984,3.901973247528076
116,7.914741516113281,23.2545108795166,0.03596891090273857,0.004100175108760595,5.238620758056641
117,9.999999747378752e-05,9.999999747378752e-05,0.003336576744914055,0.003336576744914055,1.7153022289276123
118,19.190004348754883,15.499608039855957,19.6477108001709,18.84281349182129,7.571774005889893
119,9.999999747378752e-05,9.999999747378752e-05,0.002934301970526576,0.002934301970526576,1.7062962055206299
120,25.762916564941406,9.999999747378752e-05,0.004548070952296257,0.004386201035231352,10.410270690917969
121,6.6841816902160645,9.999999747378752e-05,0.003650067374110222,0.003650067374110222,3.4944660663604736
122,21.51874542236328,21.51874542236328,22.82731819152832,16.86007308959961,21.521156311035156
123,9.999999747378752e-05,9.999999747378752e-05,0.00273080519400537,0.00273080519400537,1.9073811769485474
124,0.5960128903388977,9.999999747378752e-05,1.2111170291900635,0.004818602465093136,3.0789926052093506
125,9.999999747378752e-05,9.999999747378752e-05,0.0030401970725506544,0.003040246432647109,1.911007046699524
126,10.078718185424805,14.731407165527344,0.14905096590518951,0.03210518881678581,8.40006160736084
127,11.76570987701416,11.894200325012207,16.187915802001953,16.250783920288086,7.751086235046387
128,9.999999747378752e-05,9.999999747378752e-05,0.0034020566381514072,0.0034020566381514072,1.888372540473938
129,9.999999747378752e-05,9.999999747378752e-05,0.002788543701171875,0.002788543701171875,1.3397595882415771
130,12.139246940612793,19.21344757080078,0.7758656144142151,12.627020835876465,3.238891839981079
131,1.242813229560852,9.999999747378752e-05,0.004194245208054781,0.004194241017103195,2.372140884399414
132,9.999999747378752e-05,9.999999747378752e-05,0.02665167860686779,0.014427430927753448,7.664588928222656
133,11.307108879089355,21.45583724975586,24.01214027404785,41.901519775390625,5.426053047180176
134,13.118401527404785,9.999999747378752e-05,0.002630093600600958,0.002630093600600958,2.398153305053711
135,1.7708911895751953,13.597336769104004,10.67671012878418,10.717690467834473,7.7822980880737305
136,9.999999747378752e-05,9.999999747378752e-05,0.002856022911146283,0.0028560273349285126,1.7412946224212646
137,9.999999747378752e-05,9.999999747378752e-05,16.623184204101562,0.003188787028193474,1.9691524505615234
138,22.007503509521484,9.999999747378752e-05,0.004084623418748379,0.004006579518318176,6.3856048583984375
139,9.999999747378752e-05,9.999999747378752e-05,0.0032598546240478754,0.0032598546240478754,2.095141887664795
140,9.999999747378752e-05,9.999999747378752e-05,0.00367516977712512,0.00367516977712512,2.5542545318603516
141,9.999999747378752e-05,9.999999747378752e-05,0.003069417318329215,0.003069417318329215,2.2916524410247803
142,4.895432472229004,4.895432472229004,0.3161609172821045,0.3999406397342682,8.035078048706055
143,22.464183807373047,9.999999747378752e-05,3.6689062118530273,0.004251372069120407,20.089813232421875
144,9.999999747378752e-05,9.999999747378752e-05,0.05875958502292633,1.1424144506454468,18.856014251708984
145,9.999999747378752e-05,9.999999747378752e-05,0.0034851294476538897,0.0034851294476538897,3.3021183013916016
146,19.544721603393555,15.474589347839355,15.572702407836914,16.123268127441406,16.21664047241211
147,9.999999747378752e-05,9.999999747378752e-05,0.002759997034445405,0.002759997034445405,2.2172179222106934
148,41.9212646484375,41.930782318115234,2.0900564193725586,30.275163650512695,19.725419998168945
149,9.999999747378752e-05,9.999999747378752e-05,0.004807671532034874,0.004807671532034874,2.560830593109131
150,9.999999747378752e-05,9.999999747378752e-05,0.004790805745869875,0.004790805745869875,2.704341173171997
151,9.171028137207031,0.49336493015289307,0.019427768886089325,0.006538934540003538,3.5906362533569336
152,0.8900848031044006,9.999999747378752e-05,0.0035259693395346403,0.0035259693395346403,3.0489394664764404
153,9.999999747378752e-05,2.5820252895355225,0.0029517319053411484,0.0029517319053411484,1.742774486541748
154,18.265117645263672,9.999999747378752e-05,0.0028800980653613806,0.0028800980653613806,1.6990324258804321
155,9.999999747378752e-05,9.999999747378752e-05,19.784870147705078,0.003430662676692009,1.5059268474578857
156,9.999999747378752e-05,9.999999747378752e-05,0.003520373487845063,0.0035203881561756134,2.778676748275757
157,9.999999747378752e-05,9.999999747378752e-05,0.0034206758718937635,0.0034206758718937635,2.125486135482788
158,1.3516395092010498,9.999999747378752e-05,0.002713753841817379,0.002713753841817379,2.0663156509399414
159,34.30720138549805,28.864961624145508,0.006744584068655968,0.006575117819011211,4.798854827880859
160,9.999999747378752e-05,9.999999747378752e-05,0.0031424565240740776,0.0031423568725585938,1.9260417222976685
161,5.476432800292969,9.999999747378752e-05,0.002788133919239044,0.002788133919239044,7.0766119956970215
162,9.999999747378752e-05,9.999999747378752e-05,0.0034968419931828976,0.0034968419931828976,1.8176817893981934
163,9.999999747378752e-05,9.999999747378752e-05,0.003227940760552883,0.003227940760552883,1.2016358375549316
164,9.999999747378752e-05,9.999999747378752e-05,0.0054495627991855145,0.0054495627991855145,2.9345924854278564
165,9.999999747378752e-05,9.999999747378752e-05,0.005243671126663685,0.005243671126663685,2.8823437690734863
166,14.769442558288574,1.4172594547271729,17.817808151245117,0.0030663302168250084,6.844761371612549
167,9.999999747378752e-05,9.999999747378752e-05,0.03481090068817139,0.0234823040664196,9.474128723144531
168,9.999999747378752e-05,9.999999747378752e-05,0.0049826051108539104,0.004982607439160347,3.4652597904205322
169,9.999999747378752e-05,9.999999747378752e-05,0.004717591684311628,0.004717586096376181,3.5505809783935547
170,9.999999747378752e-05,9.999999747378752e-05,0.004508465062826872,0.004508465062826872,5.696144104003906
171,9.999999747378752e-05,9.999999747378752e-05,0.0029817866161465645,0.0029817866161465645,1.4707026481628418
172,9.999999747378752e-05,9.999999747378752e-05,0.0029456783086061478,0.0029456783086061478,0.5400599241256714
173,9.999999747378752e-05,9.999999747378752e-05,0.004373652394860983,0.004373652394860983,2.370872735977173
174,13.602413177490234,1.4156560897827148,13.826549530029297,14.064599990844727,4.103518486022949
175,9.999999747378752e-05,9.999999747378752e-05,0.009559874422848225,0.009559874422848225,2.4317831993103027
176,9.999999747378752e-05,9.999999747378752e-05,0.0029003710951656103,0.0029003710951656103,1.7405463457107544
177,9.999999747378752e-05,9.999999747378752e-05,0.003379619447514415,0.003379619447514415,1.7610641717910767
178,4.024528503417969,23.602567672729492,15.219839096069336,16.475666046142578,19.93419075012207
179,22.598840713500977,19.080028533935547,0.4403008222579956,0.029687287285923958,4.9948811531066895
180,9.999999747378752e-05,9.999999747378752e-05,0.0028516757301986217,0.0028516757301986217,1.7658895254135132
181,38.666751861572266,37.63803482055664,32.54384231567383,29.482528686523438,35.76210021972656
182,12.987385749816895,9.999999747378752e-05,0.003051755717024207,0.0030516821425408125,1.5970385074615479
183,9.999999747378752e-05,9.999999747378752e-05,0.0030937131959944963,0.0030937131959944963,1.410200595855713
184,18.153575897216797,18.153575897216797,13.954154968261719,14.018758773803711,18.6494140625
185,23.97028350830078,22.223140716552734,40.80313491821289,23.177417755126953,10.844161033630371
186,9.999999747378752e-05,9.999999747378752e-05,16.351343154907227,16.35100746154785,1.8932929039001465
187,18.18877601623535,9.999999747378752e-05,0.003994650673121214,0.003994641359895468,7.944717884063721
188,9.999999747378752e-05,9.999999747378752e-05,0.003315103705972433,0.003315103705972433,1.8777512311935425
189,16.106216430664062,9.999999747378752e-05,0.00290278228931129,0.002903228858485818,2.002040386199951
190,9.999999747378752e-05,10.279727935791016,0.0035691028460860252,0.003569135209545493,2.8596346378326416
191,9.999999747378752e-05,9.999999747378752e-05,0.0029476163908839226,0.0029476163908839226,1.594730257987976
192,9.999999747378752e-05,9.999999747378752e-05,0.0031300464179366827,0.0031300783157348633,1.8811577558517456
193,13.44936752319336,13.44936752319336,22.95206642150879,13.449366569519043,13.567694664001465
194,9.999999747378752e-05,9.999999747378752e-05,0.0036429676692932844,0.0036429676692932844,2.171199083328247
195,9.999999747378752e-05,9.999999747378752e-05,0.003342192154377699,0.003342192154377699,2.941854953765869
196,11.616851806640625,9.999999747378752e-05,0.0029575673397630453,0.0029575673397630453,1.174633264541626
197,9.999999747378752e-05,9.999999747378752e-05,20.21234703063965,0.003674725303426385,2.0897445678710938
198,9.999999747378752e-05,9.999999747378752e-05,22.89634132385254,24.19993782043457,4.116947174072266
199,9.999999747378752e-05,9.999999747378752e-05,0.0036705771926790476,0.003670408157631755,3.093311309814453
200,9.999999747378752e-05,9.999999747378752e-05,0.0033627827651798725,0.0033624032512307167,2.3632190227508545
201,9.999999747378752e-05,9.999999747378752e-05,0.003121107816696167,0.003121107816696167,1.9915821552276611
202,19.26953887939453,9.999999747378752e-05,0.004392508417367935,0.004392400849610567,4.90462589263916
203,9.999999747378752e-05,9.999999747378752e-05,0.0124661298468709,0.003256844123825431,2.873173952102661
204,9.999999747378752e-05,9.999999747378752e-05,1.0538617372512817,15.386089324951172,7.412014007568359
205,9.999999747378752e-05,9.999999747378752e-05,0.003527052002027631,0.003527052002027631,1.9238442182540894
206,9.999999747378752e-05,9.999999747378752e-05,0.0032679655123502016,0.0032679655123502016,1.5434569120407104
207,9.98997974395752,18.191633224487305,82.44319152832031,0.013718775473535061,21.54334259033203
208,9.999999747378752e-05,9.999999747378752e-05,0.003153180005028844,0.003153180005028844,0.42335259914398193
209,9.999999747378752e-05,9.999999747378752e-05,0.003058153437450528,0.003058153437450528,2.3686695098876953
210,9.999999747378752e-05,9.999999747378752e-05,0.003466798923909664,0.003466798923909664,2.829007863998413
211,9.999999747378752e-05,9.999999747378752e-05,0.004179196897894144,0.004178935196250677,3.7756662368774414
212,16.989538192749023,18.465789794921875,20.595008850097656,19.400253295898438,13.000292778015137
213,9.999999747378752e-05,9.999999747378752e-05,18.197053909301758,0.0037138687912374735,2.8683602809906006
214,9.999999747378752e-05,9.999999747378752e-05,0.0031787415500730276,0.0031787415500730276,1.5996946096420288
215,9.999999747378752e-05,31.07847023010254,0.0059966822154819965,0.0059966822154819965,20.076274871826172
216,9.999999747378752e-05,9.999999747378752e-05,17.553634643554688,17.556766510009766,2.1943418979644775
217,9.999999747378752e-05,9.999999747378752e-05,19.010353088378906,0.003972355276346207,2.7507412433624268
218,17.06505012512207,12.230340003967285,0.0030638196039944887,0.0030638196039944887,0.5545324683189392
219,9.999999747378752e-05,9.999999747378752e-05,0.003708727192133665,0.003708727192133665,0.10631808638572693
220,9.999999747378752e-05,9.999999747378752e-05,0.0032593756914138794,0.0032593756914138794,6.361805438995361
221,9.999999747378752e-05,9.999999747378752e-05,0.0034826407209038734,0.0034826381597667933,2.729796886444092
222,23.904367446899414,22.20142364501953,18.644750595092773,17.819355010986328,19.237058639526367
223,25.398513793945312,14.429537773132324,30.868349075317383,0.030177848413586617,8.786860466003418
224,9.999999747378752e-05,9.999999747378752e-05,0.004402677062898874,0.004402677062898874,2.8198437690734863
225,9.999999747378752e-05,9.999999747378752e-05,0.0033648069947957993,0.0033648069947957993,2.520303964614868
226,9.999999747378752e-05,9.999999747378752e-05,0.0033347983844578266,0.0033350326120853424,2.2345354557037354
227,11.740832328796387,9.999999747378752e-05,0.003716996405273676,0.003716997802257538,3.8027286529541016
228,9.999999747378752e-05,15.288043022155762,0.051280729472637177,0.025657739490270615,7.490302562713623
229,9.999999747378752e-05,9.999999747378752e-05,0.003046258818358183,0.003046258818358183,2.896462917327881
230,9.999999747378752e-05,9.999999747378752e-05,0.003936382010579109,0.003936916124075651,4.742988586425781
231,9.999999747378752e-05,9.999999747378752e-05,0.003515013726428151,0.003515013726428151,2.6493682861328125
232,8.817619323730469,2.5359559059143066,1.851759433746338,0.14988218247890472,20.192413330078125
233,5.102066993713379,9.999999747378752e-05,0.003550029592588544,0.003550029592588544,3.041400194168091
234,9.999999747378752e-05,9.999999747378752e-05,0.0027346378192305565,0.0027348650619387627,1.6731126308441162
235,9.999999747378752e-05,9.999999747378752e-05,0.0036709075793623924,0.0036709075793623924,3.922586441040039
236,12.08610725402832,12.24621868133545,17.979276657104492,18.379085540771484,3.2631616592407227
237,15.683497428894043,9.999999747378752e-05,0.003042994998395443,0.003042994998395443,0.6896751523017883
238,9.999999747378752e-05,9.999999747378752e-05,0.0029843728989362717,0.0029843728989362717,2.2399673461914062
239,9.999999747378752e-05,9.999999747378752e-05,0.002939287107437849,0.002939287107437849,0.610498309135437
240,9.999999747378752e-05,9.999999747378752e-05,17.976560592651367,0.002937925746664405,7.5478596687316895
241,9.999999747378752e-05,9.999999747378752e-05,0.020346008241176605,0.005510684568434954,6.584527969360352
242,9.999999747378752e-05,9.999999747378752e-05,0.00393418176099658,0.00393418176099658,2.7398228645324707
243,9.999999747378752e-05,9.999999747378752e-05,0.003971585072577,0.003971585072577,5.301023960113525
244,9.999999747378752e-05,9.999999747378752e-05,0.0036214226856827736,0.003621109761297703,3.687154769897461
245,10.801417350769043,9.999999747378752e-05,0.0029954712372273207,0.0029947764705866575,2.175177574157715
246,9.999999747378752e-05,9.999999747378752e-05,0.0034631197340786457,0.0034631197340786457,2.4501190185546875
247,9.999999747378752e-05,9.999999747378752e-05,0.0049464087933301926,0.0049464087933301926,11.84968376159668
248,9.999999747378752e-05,9.999999747378752e-05,0.0035213003866374493,0.0035213003866374493,2.972480297088623
249,9.999999747378752e-05,9.999999747378752e-05,0.0035056087654083967,0.0035056087654083967,2.710024356842041
250,5.429814338684082,9.999999747378752e-05,0.003448368515819311,0.003448368515819311,4.00169563293457
251,9.999999747378752e-05,9.999999747378752e-05,0.0028202368412166834,0.0028202368412166834,2.181912899017334
252,9.999999747378752e-05,9.999999747378752e-05,0.002994945738464594,0.002994945738464594,2.4087324142456055
253,9.999999747378752e-05,9.999999747378752e-05,19.862579345703125,0.003443809226155281,2.043154716491699
254,9.999999747378752e-05,9.999999747378752e-05,0.0030673672445118427,0.0030673672445118427,1.939979910850525
255,14.476041793823242,14.525306701660156,13.198907852172852,13.198907852172852,13.340788841247559
256,3.000394344329834,9.999999747378752e-05,0.003469425020739436,0.003469425020739436,2.978619337081909
257,9.999999747378752e-05,9.999999747378752e-05,13.683098793029785,14.5640869140625,5.265259265899658
258,9.999999747378752e-05,9.999999747378752e-05,0.0032111485488712788,0.0032111485488712788,2.155383586883545
259,2.2546157836914062,9.999999747378752e-05,0.002698565600439906,0.002698565600439906,2.4212820529937744
260,9.999999747378752e-05,9.999999747378752e-05,0.0035314601846039295,0.0035314601846039295,1.8749370574951172
261,17.831151962280273,13.405359268188477,0.005743622779846191,0.005743540357798338,8.974750518798828
262,9.807645797729492,9.999999747378752e-05,0.00443029310554266,0.00443029310554266,2.5548453330993652
263,9.999999747378752e-05,9.999999747378752e-05,0.0037510674446821213,0.0037510674446821213,2.5514724254608154
264,16.120622634887695,9.999999747378752e-05,20.456968307495117,0.0033820222597569227,3.150918960571289
265,9.999999747378752e-05,9.999999747378752e-05,15.840378761291504,0.002729777479544282,0.8655096292495728
266,9.999999747378752e-05,9.999999747378752e-05,0.003882837016135454,0.0038828453980386257,2.6764070987701416
267,9.999999747378752e-05,9.999999747378752e-05,0.002862615045160055,0.002862615045160055,2.9042844772338867
268,6.211625576019287,9.999999747378752e-05,0.002988981083035469,0.002988981083035469,1.4211958646774292
269,9.999999747378752e-05,9.999999747378752e-05,0.003031360451132059,0.003031360451132059,2.2124273777008057
270,1.6636818647384644,9.999999747378752e-05,0.0028851130045950413,0.0028851130045950413,0.8088999390602112
271,9.999999747378752e-05,9.999999747378752e-05,0.0030773321632295847,0.0030773321632295847,1.7070362567901611
272,0.9465088248252869,9.999999747378752e-05,0.0031908450182527304,0.0031908450182527304,1.7152183055877686
273,15.439537048339844,9.999999747378752e-05,0.0031823525205254555,0.0031823529861867428,2.8502471446990967
274,9.999999747378752e-05,9.999999747378752e-05,0.0031680315732955933,0.0031680315732955933,1.664541482925415
275,9.999999747378752e-05,9.999999747378752e-05,0.0030293758027255535,0.0030293758027255535,1.496934413909912
276,9.999999747378752e-05,9.999999747378752e-05,0.0033132124226540327,0.003313502063974738,1.5985695123672485
277,10.087541580200195,1.293032169342041,0.0030536281410604715,0.0030536281410604715,0.8097991347312927
278,9.999999747378752e-05,9.999999747378752e-05,0.0031088232062757015,0.0031088232062757015,1.4909734725952148
279,9.999999747378752e-05,9.999999747378752e-05,0.0031383023597300053,0.0031383023597300053,1.1681057214736938
280,9.999999747378752e-05,14.764283180236816,0.0027735207695513964,0.0027735258918255568,1.3086986541748047
281,9.999999747378752e-05,9.999999747378752e-05,0.002963738050311804,0.002963738050311804,1.498333215713501
282,10.086390495300293,10.086390495300293,0.00286965467967093,0.00286965467967093,0.8709947466850281
283,13.997775077819824,9.999999747378752e-05,0.0029675716068595648,0.0029675716068595648,1.8335787057876587
284,9.999999747378752e-05,9.999999747378752e-05,0.0033891908824443817,0.0033891908824443817,2.668642997741699
285,19.447059631347656,18.54483985900879,0.003634468885138631,0.003634468885138631,1.6110854148864746
286,11.261137962341309,9.999999747378752e-05,0.003476017853245139,0.003476017853245139,3.439002752304077
287,9.999999747378752e-05,9.999999747378752e-05,0.23630563914775848,0.033914171159267426,6.520323276519775
288,9.999999747378752e-05,9.999999747378752e-05,0.003805368673056364,0.003805368673056364,6.787781238555908
289,20.975961685180664,11.837596893310547,0.004183799494057894,0.004183799494057894,2.3247852325439453
290,8.80068588256836,20.281953811645508,15.285847663879395,15.789328575134277,8.627544403076172
291,9.999999747378752e-05,9.999999747378752e-05,0.0027407226152718067,0.0027407226152718067,2.2013771533966064
292,9.999999747378752e-05,9.999999747378752e-05,0.0035128581803292036,0.0035128581803292036,2.0005276203155518
293,14.545334815979004,14.87391471862793,22.14432716369629,2.3904595375061035,4.814979553222656
294,9.999999747378752e-05,9.999999747378752e-05,0.00303502194583416,0.0030352964531630278,1.5386730432510376
295,9.999999747378752e-05,9.999999747378752e-05,0.0032021321821957827,0.0032021321821957827,2.9476168155670166
296,5.016744613647461,8.25317096710205,16.028182983398438,30.872264862060547,16.25147247314453
297,9.999999747378752e-05,9.999999747378752e-05,0.003103765659034252,0.003103765659034252,2.877087354660034
298,19.478456497192383,9.999999747378752e-05,0.004056788515299559,0.004056804347783327,2.6487696170806885
299,9.999999747378752e-05,9.999999747378752e-05,0.06539445370435715,0.003274165326729417,4.650568008422852
300,9.999999747378752e-05,9.999999747378752e-05,0.003184241009876132,0.003184241009876132,2.3930649757385254
301,15.450708389282227,9.999999747378752e-05,0.003044597804546356,0.003044597804546356,2.3764235973358154
302,12.655864715576172,9.314573287963867,0.003257681615650654,0.003257681615650654,1.4221793413162231
303,9.999999747378752e-05,9.999999747378752e-05,0.0032835130114108324,0.0032662218436598778,2.900536060333252
304,9.999999747378752e-05,9.999999747378752e-05,0.0037520562764257193,0.0037521168123930693,4.0043463706970215
305,9.999999747378752e-05,9.999999747378752e-05,0.0033767572604119778,0.0033767572604119778,2.457491397857666
306,19.25187110900879,20.219383239746094,14.927294731140137,15.000356674194336,14.755492210388184
307,16.315338134765625,9.999999747378752e-05,0.003101099282503128,0.0031013863626867533,1.9139280319213867
308,9.999999747378752e-05,4.649706840515137,0.022286465391516685,0.00596255250275135,3.6711585521698
309,9.999999747378752e-05,9.999999747378752e-05,0.002749019768089056,0.002749019768089056,1.6527149677276611
310,9.999999747378752e-05,9.999999747378752e-05,0.003390723839402199,0.003390723839402199,2.5465688705444336
311,18.363662719726562,9.999999747378752e-05,1.252219319343567,0.003816093783825636,19.364635467529297
312,5.974984169006348,4.629306316375732,0.0625494047999382,0.05333023890852928,4.879776954650879
313,9.999999747378752e-05,9.999999747378752e-05,16.024444580078125,0.0028827337082475424,1.2409476041793823
314,18.937721252441406,18.937721252441406,18.055213928222656,17.050561904907227,5.327027320861816
315,9.999999747378752e-05,9.999999747378752e-05,0.003241569735109806,0.003241569735109806,2.5888254642486572
316,9.999999747378752e-05,9.999999747378752e-05,17.777366638183594,24.693958282470703,8.300857543945312
317,9.999999747378752e-05,9.999999747378752e-05,0.003296738490462303,0.0032971110194921494,3.301608085632324
318,9.999999747378752e-05,9.999999747378752e-05,43.054786682128906,0.006476109381765127,18.64946746826172
319,9.999999747378752e-05,9.999999747378752e-05,0.006921644788235426,0.006268765777349472,17.504772186279297
320,9.999999747378752e-05,9.999999747378752e-05,0.0036880988627672195,0.0036880988627672195,2.14841365814209
321,9.999999747378752e-05,9.999999747378752e-05,0.0040802499279379845,0.004080249462276697,2.826373338699341
322,6.982799530029297,21.555192947387695,30.048799514770508,14.063265800476074,18.888822555541992
323,10.841493606567383,10.841493606567383,15.346437454223633,15.62982177734375,7.788006782531738
324,9.999999747378752e-05,9.999999747378752e-05,0.0029190857894718647,0.0029190857894718647,2.1173505783081055
325,9.999999747378752e-05,9.999999747378752e-05,0.003162116976454854,0.003162116976454854,3.2483274936676025
326,9.999999747378752e-05,9.999999747378752e-05,0.003327296581119299,0.003327296581119299,2.5523111820220947
327,17.493906021118164,9.999999747378752e-05,0.003592550987377763,0.003592550987377763,2.931807518005371
328,1.2887475490570068,9.999999747378752e-05,0.003433886682614684,0.0034328121691942215,6.18212366104126
329,9.999999747378752e-05,9.999999747378752e-05,0.0033492534421384335,0.0033492534421384335,1.627194881439209
330,9.999999747378752e-05,9.999999747378752e-05,0.003009098581969738,0.003009098581969738,1.8881036043167114
331,26.957426071166992,26.922103881835938,18.428791046142578,19.952579498291016,16.602689743041992
332,9.999999747378752e-05,19.894092559814453,0.002918161451816559,0.002918161451816559,1.11235773563385
333,14.788752555847168,4.109461307525635,17.074533462524414,13.860462188720703,11.921527862548828
334,21.669588088989258,15.180459976196289,20.684858322143555,5.437303066253662,5.741585731506348
335,9.999999747378752e-05,9.999999747378752e-05,0.003592840163037181,0.0035929111763834953,2.0386414527893066
336,17.917293548583984,17.033554077148438,17.890907287597656,14.420663833618164,14.68554401397705
337,9.999999747378752e-05,0.38671135902404785,0.12065211683511734,0.0033739760983735323,2.7445733547210693
338,9.999999747378752e-05,9.999999747378752e-05,0.002790766768157482,0.002790766768157482,1.4896645545959473
339,9.999999747378752e-05,6.400018692016602,0.00942281074821949,0.006502258591353893,15.68643856048584
340,9.999999747378752e-05,9.999999747378752e-05,0.0034801058936864138,0.0034801058936864138,3.5928661823272705
341,9.999999747378752e-05,9.999999747378752e-05,0.003215820761397481,0.003215820761397481,1.9944638013839722
342,19.955787658691406,9.999999747378752e-05,18.099075317382812,0.00324073014780879,2.87845778465271
343,9.999999747378752e-05,9.999999747378752e-05,0.0033806872088462114,0.0033806872088462114,2.0913851261138916
344,9.999999747378752e-05,9.999999747378752e-05,0.003277105512097478,0.003277105512097478,2.675961971282959
345,25.204017639160156,9.999999747378752e-05,2.8421406745910645,15.399287223815918,19.98491668701172
346,9.999999747378752e-05,9.999999747378752e-05,0.004485013894736767,0.004479117225855589,5.049537658691406
347,9.999999747378752e-05,9.999999747378752e-05,0.0030043572187423706,0.0030043572187423706,2.412296772003174
348,9.999999747378752e-05,9.999999747378752e-05,0.004200336989015341,0.004200861323624849,3.8182787895202637
349,9.999999747378752e-05,9.999999747378752e-05,0.0040208520367741585,0.0040208520367741585,2.4540863037109375
350,9.999999747378752e-05,9.999999747378752e-05,0.00317406770773232,0.00317406770773232,2.127474784851074
351,21.350507736206055,22.033464431762695,15.601970672607422,16.218467712402344,24.09778594970703
352,9.999999747378752e-05,9.999999747378752e-05,18.602113723754883,0.0035000804346054792,3.642455577850342
353,9.999999747378752e-05,9.999999747378752e-05,0.003482224652543664,0.003482224652543664,4.3662190437316895
354,9.999999747378752e-05,9.999999747378752e-05,0.003651547711342573,0.003506298176944256,2.857055902481079
355,18.381982803344727,9.999999747378752e-05,0.003045705845579505,0.0030461070127785206,1.5769386291503906
356,0.5597019791603088,9.999999747378752e-05,0.004074945114552975,0.0040748585015535355,5.479986667633057
357,9.999999747378752e-05,9.999999747378752e-05,0.0034899425227195024,0.0034899425227195024,3.483806848526001
358,23.84765625,9.999999747378752e-05,30.981727600097656,0.005722553934901953,8.555669784545898
359,9.999999747378752e-05,9.999999747378752e-05,0.003916953690350056,0.003916779533028603,5.952689170837402
360,9.999999747378752e-05,9.999999747378752e-05,0.0033345662523061037,0.0033345662523061037,3.0098795890808105
361,6.248474597930908,9.999999747378752e-05,0.0034809578210115433,0.0034809578210115433,3.403931140899658
362,9.999999747378752e-05,9.999999747378752e-05,0.003657232504338026,0.0036572269164025784,3.792797327041626
363,9.999999747378752e-05,9.999999747378752e-05,0.004282039124518633,0.004282042384147644,3.1051251888275146
364,5.953183174133301,6.693772792816162,32.69008255004883,19.169897079467773,12.550750732421875
365,1.9231876134872437,9.999999747378752e-05,0.003925706725567579,0.003925706725567579,4.920749664306641
366,9.999999747378752e-05,9.999999747378752e-05,0.003005793783813715,0.003005793783813715,1.7295575141906738
367,9.999999747378752e-05,9.999999747378752e-05,0.0032789164688438177,0.0032789164688438177,1.8548860549926758
368,8.270115852355957,9.999999747378752e-05,16.219810485839844,0.0027766679413616657,1.7372304201126099
369,13.376358032226562,16.904335021972656,0.7490442991256714,13.067277908325195,17.24277114868164
370,25.323122024536133,27.02154541015625,35.21939468383789,18.986467361450195,24.303543090820312
371,9.999999747378752e-05,9.999999747378752e-05,0.003731844015419483,0.003731850767508149,3.1436588764190674
372,9.999999747378752e-05,9.999999747378752e-05,0.0031217827927321196,0.0031217827927321196,2.254906177520752
373,9.999999747378752e-05,9.999999747378752e-05,0.003644790966063738,0.003644790966063738,2.845456600189209
374,9.999999747378752e-05,9.999999747378752e-05,0.012599823996424675,0.005754428915679455,2.998593330383301
375,9.999999747378752e-05,9.999999747378752e-05,20.541574478149414,0.003223426640033722,2.4018449783325195
376,8.088623046875,8.088623046875,23.98887062072754,10.790155410766602,4.969701766967773
377,9.999999747378752e-05,9.999999747378752e-05,0.003209176007658243,0.003209176007658243,2.4208261966705322
378,9.999999747378752e-05,9.999999747378752e-05,0.003817909164354205,0.00381790311075747,2.7051503658294678
379,9.999999747378752e-05,9.999999747378752e-05,0.0032259132713079453,0.0032259132713079453,2.3437154293060303
380,9.999999747378752e-05,9.999999747378752e-05,0.04352530464529991,16.496971130371094,3.5071377754211426
381,32.38158416748047,38.4020881652832,31.19905662536621,28.382856369018555,36.22626495361328
382,9.999999747378752e-05,9.999999747378752e-05,0.0032984979916363955,0.0032984979916363955,3.392122983932495
383,9.999999747378752e-05,9.999999747378752e-05,0.0029156466480344534,0.0029156466480344534,1.6272104978561401
384,17.579975128173828,0.7148951292037964,1.2155104875564575,0.09463568031787872,4.591218948364258
385,5.416057586669922,9.972939491271973,37.35368728637695,0.10962101072072983,17.685035705566406
386,9.999999747378752e-05,9.999999747378752e-05,0.056187137961387634,0.03265472128987312,5.4244465827941895
387,9.999999747378752e-05,9.999999747378752e-05,0.0035199900157749653,0.0035199900157749653,2.614525318145752
388,7.386823654174805,0.3086579442024231,1.1840596199035645,13.907332420349121,2.6381497383117676
389,9.999999747378752e-05,9.999999747378752e-05,0.00326688215136528,0.00326688215136528,0.9302850961685181
390,9.999999747378752e-05,9.999999747378752e-05,0.0033969131764024496,0.0033969131764024496,1.9528846740722656
391,12.848845481872559,13.497696876525879,0.002898619743064046,0.002901118714362383,6.508734703063965
392,24.27652931213379,21.011093139648438,0.035051409155130386,0.007135781925171614,9.401735305786133
393,0.29699254035949707,1.615725040435791,0.4292318522930145,15.764793395996094,6.7473859786987305
394,0.2920118272304535,20.96558380126953,5.065228462219238,14.882834434509277,11.81618595123291
395,9.999999747378752e-05,9.999999747378752e-05,0.0031620569061487913,0.0031620569061487913,1.7367050647735596
396,9.999999747378752e-05,9.999999747378752e-05,0.003520399797707796,0.003520399797707796,10.474320411682129
397,9.999999747378752e-05,9.999999747378752e-05,0.0036279624328017235,0.0036279624328017235,2.3718788623809814
398,9.999999747378752e-05,9.999999747378752e-05,0.00292034144513309,0.00292034144513309,2.0025651454925537
399,9.999999747378752e-05,9.999999747378752e-05,0.0033463111612945795,0.0033463111612945795,2.5522475242614746
400,13.7393798828125,14.795462608337402,13.320234298706055,13.253353118896484,13.149653434753418
401,26.11504554748535,26.399240493774414,25.718154907226562,26.05642318725586,14.38696575164795
402,24.032968521118164,21.576852798461914,18.12323760986328,17.67351722717285,18.208663940429688
403,9.999999747378752e-05,9.999999747378752e-05,0.0031874445267021656,0.0031874445267021656,1.92300546169281
404,9.63959789276123,9.999999747378752e-05,0.0031955766025930643,0.0031955766025930643,2.3092689514160156
405,9.999999747378752e-05,9.999999747378752e-05,0.002973694121465087,0.002973694121465087,1.372105598449707
406,9.999999747378752e-05,9.999999747378752e-05,0.0030005343724042177,0.0030005343724042177,2.6040055751800537
407,23.29956817626953,22.225303649902344,24.45512580871582,16.61168098449707,19.00300407409668
408,9.999999747378752e-05,9.999999747378752e-05,0.002925919136032462,0.002925919136032462,1.2846291065216064
409,9.999999747378752e-05,9.999999747378752e-05,0.0029708726797252893,0.0029708726797252893,1.1159220933914185
410,9.999999747378752e-05,9.999999747378752e-05,0.0027320352382957935,0.0027320352382957935,0.9347224831581116
411,9.999999747378752e-05,0.5039873719215393,0.0383109413087368,0.004473309498280287,4.837461471557617
412,9.999999747378752e-05,9.999999747378752e-05,0.0038834367878735065,0.003883472876623273,2.804436206817627
413,1.152579665184021,12.892304420471191,22.532909393310547,0.024981077760457993,3.4589226245880127
414,20.834716796875,25.387022018432617,1.8508825302124023,16.92078399658203,7.750996112823486
415,9.999999747378752e-05,9.999999747378752e-05,0.0029375848826020956,0.0029375848826020956,1.0824124813079834
416,19.63021469116211,19.63021469116211,1.5834358930587769,0.027710752561688423,17.959871292114258
417,12.079622268676758,9.999999747378752e-05,0.0039985463954508305,0.0039985463954508305,2.3093292713165283
418,9.999999747378752e-05,9.999999747378752e-05,0.002842189744114876,0.002842189744114876,1.8713284730911255
419,9.999999747378752e-05,9.999999747378752e-05,0.0029506373684853315,0.0029506373684853315,1.6432620286941528
420,9.999999747378752e-05,9.999999747378752e-05,0.004184961784631014,0.0041847024112939835,4.516171932220459
421,0.5468778610229492,0.5468778610229492,1.0469212532043457,0.019184516742825508,3.528935432434082
422,17.730886459350586,17.46297836303711,0.4500642418861389,13.495098114013672,2.90411639213562
423,9.999999747378752e-05,9.999999747378752e-05,0.0029378358740359545,0.0029378358740359545,1.4964067935943604
424,9.999999747378752e-05,9.999999747378752e-05,0.0030539773870259523,0.0030539773870259523,2.225660562515259
425,9.999999747378752e-05,9.999999747378752e-05,0.0037827100604772568,0.0037827100604772568,2.036299467086792
426,9.999999747378752e-05,9.999999747378752e-05,0.002647395944222808,0.002647395944222808,1.516445279121399
427,9.999999747378752e-05,9.999999747378752e-05,0.0031180724035948515,0.0031180724035948515,2.792222738265991
428,9.999999747378752e-05,9.999999747378752e-05,0.002949970308691263,0.002949970308691263,3.037515640258789
429,9.999999747378752e-05,9.999999747378752e-05,0.0028214510530233383,0.0028214510530233383,2.251967191696167
430,9.999999747378752e-05,9.999999747378752e-05,0.0028802601154893637,0.0028802601154893637,6.695826530456543
431,9.999999747378752e-05,9.999999747378752e-05,0.0027428227476775646,0.0027428227476775646,1.4682104587554932
432,9.999999747378752e-05,9.999999747378752e-05,0.0034320265986025333,0.0034326124005019665,1.138704776763916
433,9.999999747378752e-05,9.999999747378752e-05,0.003116924548521638,0.003116924548521638,1.0674676895141602
434,9.999999747378752e-05,9.999999747378752e-05,0.08520489186048508,0.029689962044358253,5.869434356689453
435,9.999999747378752e-05,9.999999747378752e-05,0.003528663655743003,0.0035286634229123592,1.1326749324798584
436,9.999999747378752e-05,9.999999747378752e-05,0.0035725946072489023,0.0035725946072489023,1.0069776773452759
437,9.999999747378752e-05,9.999999747378752e-05,21.098527908325195,0.004194926470518112,15.925576210021973
438,9.999999747378752e-05,9.999999747378752e-05,0.003204656532034278,0.003204656532034278,0.9730592370033264
439,9.999999747378752e-05,9.999999747378752e-05,0.0031208063010126352,0.0031178719364106655,2.1287448406219482
440,9.999999747378752e-05,9.999999747378752e-05,0.002936961594969034,0.002936961594969034,1.7957359552383423
441,9.999999747378752e-05,9.999999747378752e-05,0.00303777027875185,0.00303777027875185,0.9172845482826233
442,9.999999747378752e-05,9.999999747378752e-05,0.003144897986203432,0.003144897986203432,2.2242977619171143
443,9.160650253295898,9.160650253295898,11.437897682189941,11.440302848815918,10.871011734008789
444,9.999999747378752e-05,9.999999747378752e-05,0.003997599706053734,0.003997599706053734,1.6695306301116943
445,9.999999747378752e-05,9.999999747378752e-05,0.004421063233166933,0.004244192969053984,5.757839679718018
446,9.999999747378752e-05,9.999999747378752e-05,0.003247013548389077,0.003247013548389077,3.032395362854004
447,9.999999747378752e-05,9.999999747378752e-05,0.0034686424769461155,0.0034686424769461155,0.8998887538909912
448,9.999999747378752e-05,9.999999747378752e-05,0.003468180075287819,0.003468180075287819,1.679701328277588
449,9.999999747378752e-05,9.999999747378752e-05,0.0032122135162353516,0.0032122135162353516,1.2293715476989746
450,9.999999747378752e-05,9.999999747378752e-05,0.002844700589776039,0.002844700589776039,1.598243236541748
451,9.999999747378752e-05,9.999999747378752e-05,0.003308244049549103,0.003308244049549103,1.0758674144744873
452,9.999999747378752e-05,9.999999747378752e-05,0.0028494230937212706,0.0028494230937212706,0.85612952709198
453,9.999999747378752e-05,9.999999747378752e-05,0.002904008375480771,0.002904008375480771,2.0545265674591064
454,9.999999747378752e-05,9.999999747378752e-05,0.0028755776584148407,0.0028755776584148407,2.0196118354797363
455,9.999999747378752e-05,9.999999747378752e-05,0.0030030468478798866,0.0030030468478798866,2.812474489212036
456,9.999999747378752e-05,9.999999747378752e-05,0.002890385454520583,0.002890385454520583,2.347578287124634
457,17.52709197998047,9.999999747378752e-05,1.2585257291793823,0.6030073761940002,7.459576606750488
458,16.57268524169922,19.597002029418945,15.12627124786377,15.858840942382812,18.192157745361328
459,9.999999747378752e-05,9.999999747378752e-05,0.003152585821226239,0.003152585821226239,1.9647948741912842
460,2.2521450519561768,15.606660842895508,8.494125366210938,0.0026974105276167393,6.88479471206665
461,9.999999747378752e-05,9.999999747378752e-05,0.0033930938225239515,0.0033930938225239515,1.4750155210494995
462,34.81868362426758,34.8944206237793,33.37881851196289,29.479957580566406,33.334739685058594
463,9.999999747378752e-05,9.999999747378752e-05,63.23409652709961,63.239051818847656,7.531460285186768
464,9.999999747378752e-05,9.999999747378752e-05,0.002749106613919139,0.002749106613919139,2.0667788982391357
465,9.999999747378752e-05,9.999999747378752e-05,0.0033878616522997618,0.0033878616522997618,2.7884702682495117
466,9.999999747378752e-05,9.999999747378752e-05,0.0031357519328594208,0.0031357519328594208,1.6083123683929443
467,9.999999747378752e-05,9.999999747378752e-05,0.003356221364811063,0.003356221364811063,2.634502649307251
468,9.999999747378752e-05,9.999999747378752e-05,0.0029292679391801357,0.0029292679391801357,1.0258015394210815
469,9.999999747378752e-05,9.999999747378752e-05,0.003044397570192814,0.003044397570192814,1.7546541690826416
470,9.999999747378752e-05,9.999999747378752e-05,0.0030380189418792725,0.0030380189418792725,1.1563752889633179
471,9.999999747378752e-05,9.999999747378752e-05,2.2062952518463135,0.004144470207393169,4.856053352355957
472,9.999999747378752e-05,9.999999747378752e-05,0.003275801194831729,0.003275801194831729,1.966065764427185
473,5.6056809425354,9.999999747378752e-05,3.3305163383483887,0.003214272204786539,2.281352996826172
474,9.999999747378752e-05,9.999999747378752e-05,0.0034106196835637093,0.0034106196835637093,2.333784341812134
475,9.999999747378752e-05,9.999999747378752e-05,0.003047203179448843,0.003047203179448843,1.6310179233551025
476,9.999999747378752e-05,9.999999747378752e-05,0.002852217061445117,0.0028520384803414345,1.5894815921783447
477,9.999999747378752e-05,9.999999747378752e-05,0.0030117046553641558,0.0030117046553641558,1.716394305229187
478,9.999999747378752e-05,9.999999747378752e-05,21.34637451171875,0.003197088837623596,2.4266304969787598
479,9.999999747378752e-05,9.999999747378752e-05,0.003408886957913637,0.003408886957913637,1.7432563304901123
480,9.999999747378752e-05,9.999999747378752e-05,0.003118633758276701,0.0031180575024336576,1.9473330974578857
481,9.999999747378752e-05,9.999999747378752e-05,16.681333541870117,0.0029796056915074587,1.765373706817627
482,9.999999747378752e-05,9.999999747378752e-05,0.0038281031884253025,0.0038281232118606567,3.275130271911621
483,9.999999747378752e-05,9.999999747378752e-05,0.0035334972199052572,0.0035334972199052572,1.8531683683395386
484,9.999999747378752e-05,9.999999747378752e-05,0.0031535320449620485,0.0031535320449620485,0.3888508379459381
485,9.999999747378752e-05,9.999999747378752e-05,0.003920518793165684,0.00392072694376111,2.578505516052246
486,9.999999747378752e-05,9.999999747378752e-05,0.0031701200641691685,0.0031701200641691685,4.886746406555176
487,9.999999747378752e-05,9.999999747378752e-05,0.003771623130887747,0.0037716275546699762,10.41976547241211
488,9.999999747378752e-05,16.324703216552734,0.002728694351390004,0.002728694351390004,9.458747863769531
489,9.999999747378752e-05,9.999999747378752e-05,0.003293118439614773,0.003293118439614773,2.682546615600586
490,9.999999747378752e-05,9.999999747378752e-05,24.907529830932617,15.168741226196289,12.068315505981445
491,9.999999747378752e-05,9.999999747378752e-05,0.00307527557015419,0.00307527557015419,2.0915474891662598
492,10.866007804870605,0.6859094500541687,0.016374465078115463,0.0028594383038580418,3.0587828159332275
493,9.999999747378752e-05,9.999999747378752e-05,0.002999174175783992,0.002999174175783992,2.278367519378662
494,24.58562469482422,9.999999747378752e-05,34.21152114868164,0.005815827753394842,9.678462982177734
495,9.999999747378752e-05,9.999999747378752e-05,0.0030960883013904095,0.0030960883013904095,1.1087785959243774
496,6.590847492218018,6.590847492218018,0.014371935278177261,0.015193355269730091,3.5339877605438232
497,9.999999747378752e-05,9.999999747378752e-05,14.700852394104004,0.002972624497488141,1.7753710746765137
498,9.999999747378752e-05,9.999999747378752e-05,0.003256137715652585,0.003256137715652585,2.1888537406921387
499,9.999999747378752e-05,9.999999747378752e-05,0.0032965049613267183,0.0032970476895570755,2.2308990955352783
500,9.999999747378752e-05,9.999999747378752e-05,0.003167250659316778,0.003167250659316778,5.279041767120361
501,7.217613697052002,8.75572395324707,0.0040060486644506454,0.004009961616247892,4.6687235832214355
502,9.999999747378752e-05,9.999999747378752e-05,0.005364962853491306,0.005364962853491306,2.340479612350464
503,9.999999747378752e-05,9.999999747378752e-05,0.003147352719679475,0.003147352719679475,1.7254077196121216
504,9.999999747378752e-05,9.999999747378752e-05,0.0032408505212515593,0.0032408505212515593,2.3020808696746826
505,9.999999747378752e-05,9.999999747378752e-05,0.003035970963537693,0.003035961417481303,1.9182376861572266
506,21.2674617767334,23.650634765625,24.03173065185547,0.2830275297164917,23.159780502319336
507,9.999999747378752e-05,15.037459373474121,0.002944390056654811,0.002944390056654811,0.9179610013961792
508,9.999999747378752e-05,9.999999747378752e-05,0.0030766914132982492,0.0030766914132982492,1.240114450454712
509,9.999999747378752e-05,9.999999747378752e-05,0.00324495998211205,0.00324495998211205,1.0268046855926514
510,9.999999747378752e-05,9.999999747378752e-05,10.039013862609863,0.0035882447846233845,2.5562949180603027
511,23.76519203186035,25.35332489013672,19.756620407104492,19.79480743408203,4.709986209869385
512,9.999999747378752e-05,9.999999747378752e-05,0.0031125571113079786,0.0031125571113079786,2.1058640480041504
513,9.999999747378752e-05,9.999999747378752e-05,0.0036214333958923817,0.0036214333958923817,5.348238468170166
514,9.999999747378752e-05,9.999999747378752e-05,21.19317054748535,0.0035268424544483423,2.313152313232422
515,9.999999747378752e-05,9.999999747378752e-05,0.003073442028835416,0.003073442028835416,1.4750257730484009
516,3.539841651916504,9.999999747378752e-05,0.004022027365863323,0.004022027365863323,2.4048101902008057
517,9.999999747378752e-05,9.999999747378752e-05,0.0034469598904252052,0.0034469598904252052,2.735062599182129
518,9.999999747378752e-05,9.999999747378752e-05,0.0035800375044345856,0.0035800402984023094,3.4580788612365723
519,9.999999747378752e-05,22.07291030883789,0.0037890197709202766,0.003789160866290331,4.3563923835754395
520,9.999999747378752e-05,9.999999747378752e-05,0.0034903434570878744,0.0034903434570878744,3.7021923065185547
521,9.999999747378752e-05,9.999999747378752e-05,24.73870277404785,17.877513885498047,2.5208194255828857
522,7.236194610595703,9.999999747378752e-05,20.73539161682129,19.71775245666504,7.628829002380371
523,11.438996315002441,17.380342483520508,0.06284937262535095,0.034188162535429,3.6255831718444824
524,5.812252521514893,9.999999747378752e-05,0.04671251401305199,0.004771201405674219,6.688256740570068
525,9.999999747378752e-05,9.999999747378752e-05,0.003526256885379553,0.003526256885379553,2.6785078048706055
526,9.999999747378752e-05,9.999999747378752e-05,0.00358013017103076,0.00358013017103076,2.753453016281128
527,21.017465591430664,9.999999747378752e-05,0.00456635095179081,0.00456635095179081,5.943733215332031
528,8.639801025390625,9.999999747378752e-05,0.003207008121535182,0.003207008121535182,2.7799253463745117
529,9.999999747378752e-05,9.999999747378752e-05,0.003692673984915018,0.0036927496548742056,3.743617296218872
530,9.999999747378752e-05,9.999999747378752e-05,21.17621612548828,0.003505152650177479,2.2225170135498047
531,9.999999747378752e-05,9.999999747378752e-05,0.003355053486302495,0.003355053486302495,2.196465015411377
532,1.0503236055374146,23.40976905822754,21.616369247436523,25.99710464477539,21.321447372436523
533,9.999999747378752e-05,9.999999747378752e-05,0.0031540209893137217,0.0031540209893137217,1.5465177297592163
534,21.738887786865234,21.922555923461914,0.003754877718165517,0.003754905192181468,5.244097709655762
535,29.60343360900879,9.999999747378752e-05,0.007547352928668261,0.004584646318107843,10.253944396972656
536,9.999999747378752e-05,9.999999747378752e-05,20.15703010559082,16.025117874145508,19.775222778320312
537,9.999999747378752e-05,9.999999747378752e-05,0.003325655125081539,0.003325655125081539,2.413097858428955
538,17.312026977539062,9.999999747378752e-05,0.0033625776413828135,0.0033625776413828135,2.7254817485809326
539,9.999999747378752e-05,9.999999747378752e-05,16.891597747802734,0.0030694070737808943,1.462140440940857
540,9.999999747378752e-05,9.999999747378752e-05,0.0032898555509746075,0.0032898555509746075,1.8827623128890991
541,1.1944632530212402,9.999999747378752e-05,0.003432189580053091,0.003432186786085367,1.9364476203918457
542,21.216197967529297,17.612720489501953,8.079834938049316,15.608553886413574,11.014357566833496
543,9.999999747378752e-05,9.999999747378752e-05,0.003192802192643285,0.0031932122074067593,1.1937382221221924
544,9.999999747378752e-05,19.910242080688477,0.0035794826690107584,0.003533536335453391,3.9058406352996826
545,2.8674392700195312,12.16695785522461,0.6835470199584961,0.03431600704789162,6.410998344421387
546,22.16487693786621,9.999999747378752e-05,0.003961082082241774,0.00395875982940197,4.142798900604248
547,9.999999747378752e-05,9.999999747378752e-05,0.003828895278275013,0.0038290584925562143,2.710343599319458
548,9.258094787597656,8.670440673828125,12.430651664733887,12.841611862182617,6.192712306976318
549,9.999999747378752e-05,9.999999747378752e-05,0.0037808276247233152,0.0037808276247233152,2.51853084564209
550,0.4765307903289795,0.4765307903289795,19.679433822631836,13.898303985595703,4.512763977050781
551,22.49494171142578,21.879268646240234,22.444019317626953,22.48900604248047,22.42710304260254
552,9.999999747378752e-05,9.999999747378752e-05,0.003313046647235751,0.003313046647235751,2.1123180389404297
553,9.999999747378752e-05,9.999999747378752e-05,0.003247936489060521,0.003247936489060521,0.6771482229232788
554,9.999999747378752e-05,9.999999747378752e-05,0.003027307102456689,0.003027307102456689,1.5696557760238647
555,9.999999747378752e-05,9.999999747378752e-05,0.004076552577316761,0.004076552577316761,3.9734833240509033
556,9.999999747378752e-05,9.999999747378752e-05,0.0032885302789509296,0.0032885302789509296,1.0342936515808105
557,9.999999747378752e-05,9.999999747378752e-05,0.0032490564044564962,0.0032492687460035086,1.8102989196777344
558,9.999999747378752e-05,9.999999747378752e-05,15.805055618286133,0.0030615588184446096,2.594536542892456
559,21.344511032104492,22.577909469604492,1.9846688508987427,0.32288628816604614,8.878948211669922
560,9.999999747378752e-05,9.999999747378752e-05,0.003745872061699629,0.003745872061699629,0.6473404169082642
561,2.7667083740234375,9.999999747378752e-05,0.0030401241965591908,0.0030401241965591908,1.8581818342208862
562,21.315202713012695,20.84152603149414,15.526382446289062,17.095355987548828,22.380516052246094
563,9.999999747378752e-05,9.999999747378752e-05,0.003664351999759674,0.003664351999759674,5.026534080505371
564,4.5524373054504395,9.999999747378752e-05,0.0054260422475636005,0.005426040384918451,3.38326358795166
565,9.999999747378752e-05,9.999999747378752e-05,18.5700740814209,0.0032197805121541023,1.6115974187850952
566,9.999999747378752e-05,9.999999747378752e-05,0.03413905203342438,0.0067303357645869255,4.885034084320068
567,19.492345809936523,19.270776748657227,32.07037353515625,31.60386085510254,9.734006881713867
568,4.085094928741455,9.999999747378752e-05,0.004510986618697643,0.004510986618697643,2.516813278198242
569,0.599236249923706,11.090306282043457,0.17886872589588165,26.084125518798828,5.095518589019775
570,9.999999747378752e-05,9.999999747378752e-05,0.005803681910037994,0.005803681910037994,4.008041858673096
571,6.470860004425049,25.62969398498535,18.309572219848633,18.869583129882812,4.807682514190674
572,5.92645263671875,5.92645263671875,18.700084686279297,19.80323028564453,12.054024696350098
573,9.999999747378752e-05,9.999999747378752e-05,0.0035561835393309593,0.0035561476834118366,3.969968557357788
574,9.999999747378752e-05,18.280597686767578,13.736839294433594,13.964486122131348,15.651832580566406
575,17.910526275634766,6.8005242347717285,15.077620506286621,15.850507736206055,21.588560104370117
576,10.212791442871094,18.055559158325195,15.809200286865234,17.69801139831543,4.039971351623535
577,23.093061447143555,23.09673309326172,22.89980125427246,23.09300994873047,22.113374710083008
578,0.99372398853302,0.99372398853302,14.273974418640137,14.425790786743164,3.4245450496673584
579,9.999999747378752e-05,9.999999747378752e-05,0.0041188448667526245,0.0041188448667526245,3.5262043476104736
580,9.999999747378752e-05,9.999999747378752e-05,17.530447006225586,17.334815979003906,10.811506271362305
581,15.637236595153809,15.637236595153809,15.63543701171875,15.635431289672852,15.577733993530273
582,1.0453444719314575,1.0453444719314575,28.48941421508789,18.317546844482422,7.3905720710754395
583,9.999999747378752e-05,9.999999747378752e-05,0.0032351533882319927,0.0032351533882319927,1.3152695894241333
584,9.999999747378752e-05,9.999999747378752e-05,0.0032629126217216253,0.0035514046903699636,2.269976854324341
585,21.55084991455078,27.61048698425293,18.409343719482422,18.40421485900879,18.149030685424805
586,23.712366104125977,14.351531982421875,14.701964378356934,16.853225708007812,9.972947120666504
587,9.999999747378752e-05,10.598501205444336,0.003151387209072709,0.003151387209072709,2.1551620960235596
588,9.999999747378752e-05,8.559447288513184,0.0034081898629665375,0.0034095316659659147,2.033108711242676
589,9.999999747378752e-05,9.999999747378752e-05,0.0030554470140486956,0.0030554470140486956,2.616912603378296
590,14.40432071685791,9.999999747378752e-05,39.83004379272461,0.006716493982821703,16.929994583129883
591,15.659631729125977,15.659631729125977,18.83926010131836,14.573725700378418,15.368792533874512
592,9.999999747378752e-05,9.999999747378752e-05,0.005832704249769449,0.005832704249769449,3.4385409355163574
593,9.999999747378752e-05,9.999999747378752e-05,0.003551362082362175,0.0035513604525476694,4.206670761108398
594,9.999999747378752e-05,9.999999747378752e-05,0.003320405725389719,0.003320405725389719,2.3396387100219727
595,9.999999747378752e-05,9.999999747378752e-05,0.003876561066135764,0.003876561066135764,1.7067173719406128
596,9.999999747378752e-05,9.999999747378752e-05,0.003953283652663231,0.003953232429921627,3.0080952644348145
597,9.999999747378752e-05,9.999999747378752e-05,0.0033007441088557243,0.0033007441088557243,1.6248351335525513
598,9.999999747378752e-05,9.999999747378752e-05,0.003959546331316233,0.003959546331316233,2.4966862201690674
599,9.999999747378752e-05,9.999999747378752e-05,0.0033952605444937944,0.0029374053701758385,4.161489963531494
600,9.999999747378752e-05,9.999999747378752e-05,0.0034548444673419,0.0034549778793007135,1.5918923616409302
601,9.999999747378752e-05,9.999999747378752e-05,0.0031088634859770536,0.0031088634859770536,2.3024044036865234
602,9.999999747378752e-05,9.999999747378752e-05,0.0032651766669005156,0.0032651640940457582,2.1474075317382812
603,21.243724822998047,21.243724822998047,22.37799072265625,17.016075134277344,19.178892135620117
604,9.999999747378752e-05,9.999999747378752e-05,0.0028383720200508833,0.0028383720200508833,1.271112322807312
605,9.999999747378752e-05,9.999999747378752e-05,0.00296990224160254,0.002970263594761491,1.9496753215789795
606,9.999999747378752e-05,9.999999747378752e-05,16.546117782592773,17.232440948486328,2.694702625274658
607,9.999999747378752e-05,9.999999747378752e-05,0.002827631076797843,0.002827631076797843,2.4465479850769043
608,9.999999747378752e-05,9.999999747378752e-05,0.003245369531214237,0.003245369531214237,1.6349833011627197
609,9.999999747378752e-05,9.999999747378752e-05,0.0030219105537980795,0.0030219105537980795,2.0312907695770264
610,9.999999747378752e-05,9.999999747378752e-05,0.0034946384839713573,0.0034946384839713573,2.9978370666503906
611,9.999999747378752e-05,9.999999747378752e-05,0.0036441527772694826,0.0036441527772694826,2.777282238006592
612,14.553085327148438,9.999999747378752e-05,0.003969582263380289,0.003962138667702675,5.514280319213867
613,9.999999747378752e-05,14.87549114227295,0.002865859540179372,0.002865859540179372,6.287254333496094
614,9.999999747378752e-05,9.999999747378752e-05,0.003408084623515606,0.003408084623515606,1.8075799942016602
615,9.999999747378752e-05,9.999999747378752e-05,0.0024668085388839245,0.0024668085388839245,1.545063853263855
616,7.7211151123046875,9.999999747378752e-05,0.003459006315097213,0.003459006315097213,7.138932704925537
617,9.999999747378752e-05,9.999999747378752e-05,0.002883958863094449,0.002883958863094449,2.11668062210083
618,9.999999747378752e-05,9.999999747378752e-05,0.003438284620642662,0.003438284620642662,4.073995590209961
619,9.999999747378752e-05,9.999999747378752e-05,0.003069081576541066,0.003069081576541066,2.236631393432617
620,15.763751983642578,20.451335906982422,19.8048152923584,21.469562530517578,10.318318367004395
621,9.999999747378752e-05,9.999999747378752e-05,0.0033889999613165855,0.0033892288338392973,2.3377864360809326
622,24.065706253051758,31.249805450439453,32.05204772949219,38.453208923339844,22.03885269165039
623,20.751867294311523,20.751867294311523,18.014720916748047,17.74131965637207,20.667638778686523
624,21.084810256958008,20.366600036621094,21.08481216430664,21.084636688232422,20.605464935302734
625,9.999999747378752e-05,9.999999747378752e-05,0.0038006396498531103,0.0038007611874490976,3.6702446937561035
626,9.999999747378752e-05,9.999999747378752e-05,0.0029657327104359865,0.0029657327104359865,0.8469265699386597
627,9.999999747378752e-05,9.999999747378752e-05,0.0038314531557261944,0.003835699986666441,4.32277250289917
628,9.999999747378752e-05,9.999999747378752e-05,0.0032251623924821615,0.0032251623924821615,2.0655107498168945
629,9.999999747378752e-05,9.999999747378752e-05,0.025678548961877823,0.02596803568303585,3.8908541202545166
630,2.917393207550049,9.999999747378752e-05,0.0029986626468598843,0.0029986626468598843,1.5721046924591064
631,9.999999747378752e-05,9.999999747378752e-05,0.003167537273839116,0.003167537273839116,1.5575194358825684
632,9.999999747378752e-05,9.999999747378752e-05,16.503868103027344,0.0030473312363028526,1.877142071723938
633,9.999999747378752e-05,9.999999747378752e-05,0.0036951471120119095,0.0036951471120119095,2.4206643104553223
634,0.3260042667388916,0.3260042667388916,0.24442677199840546,0.12683124840259552,8.983567237854004
635,4.057462692260742,9.999999747378752e-05,0.004081400111317635,0.004081400111317635,3.78267502784729
636,9.999999747378752e-05,9.999999747378752e-05,0.0031536000315099955,0.0031536000315099955,1.8963649272918701
637,19.60738754272461,12.267525672912598,14.505537033081055,15.785895347595215,5.059332847595215
638,9.999999747378752e-05,9.999999747378752e-05,20.312320709228516,0.00429258169606328,1.7491261959075928
639,9.999999747378752e-05,9.999999747378752e-05,0.006223797332495451,0.006223797332495451,3.49837064743042
640,16.594993591308594,9.999999747378752e-05,0.0031812109518796206,0.0031812109518796206,2.412729263305664
641,9.999999747378752e-05,9.999999747378752e-05,0.003016216214746237,0.003016216214746237,2.380756139755249
642,9.999999747378752e-05,9.354496955871582,19.850236892700195,0.003850575303658843,3.027431011199951
643,1.87983238697052,9.999999747378752e-05,0.00382619327865541,0.00382619327865541,2.5405948162078857
644,9.999999747378752e-05,9.999999747378752e-05,0.749729335308075,0.018277805298566818,13.674424171447754
645,20.849117279052734,14.60145092010498,15.52265453338623,16.149768829345703,1.1657931804656982
646,9.999999747378752e-05,9.999999747378752e-05,16.815086364746094,0.0030502101872116327,2.4365789890289307
647,9.999999747378752e-05,9.999999747378752e-05,0.0033825363498181105,0.0033825363498181105,2.2896111011505127
648,9.999999747378752e-05,9.999999747378752e-05,0.0031396958511322737,0.0031396958511322737,1.8463183641433716
649,21.48539161682129,20.608522415161133,17.713912963867188,0.003713577054440975,2.142444372177124
650,9.999999747378752e-05,9.999999747378752e-05,0.003075717482715845,0.003075717482715845,2.640448808670044
651,9.999999747378752e-05,9.999999747378752e-05,0.03353984281420708,0.026476552709937096,3.446429491043091
652,9.999999747378752e-05,9.999999747378752e-05,0.0027152805123478174,0.0027152805123478174,1.5877525806427002
653,9.999999747378752e-05,9.999999747378752e-05,0.0032077827490866184,0.0032077827490866184,6.707767486572266
654,9.999999747378752e-05,9.999999747378752e-05,8.358393669128418,0.4635549485683441,14.075636863708496
655,9.999999747378752e-05,9.999999747378752e-05,0.0029844208620488644,0.0029843547381460667,13.546648979187012
656,9.999999747378752e-05,9.999999747378752e-05,0.0035615793894976377,0.0035615793894976377,3.169527292251587
657,9.999999747378752e-05,9.999999747378752e-05,0.004266996867954731,0.004266996867954731,3.5945985317230225
658,6.819678783416748,9.999999747378752e-05,0.003434506943449378,0.003434506943449378,3.049936056137085
659,21.62118911743164,21.62118911743164,23.016307830810547,21.62117576599121,21.928348541259766
660,18.98772430419922,18.98772430419922,0.07981587201356888,0.0240189041942358,4.123612880706787
661,9.538127899169922,9.999999747378752e-05,0.003442037384957075,0.003442037384957075,3.45523738861084
662,9.999999747378752e-05,9.999999747378752e-05,0.0029760166071355343,0.0029760166071355343,0.8214420676231384
663,9.999999747378752e-05,9.999999747378752e-05,0.0035189155023545027,0.0035189155023545027,2.1622323989868164
664,9.999999747378752e-05,9.999999747378752e-05,0.003654161933809519,0.003654161933809519,2.775587558746338
665,33.375545501708984,22.44028091430664,25.67874526977539,0.0047938022762537,5.449700832366943
666,9.999999747378752e-05,9.999999747378752e-05,0.003094214480370283,0.003094214480370283,2.4585120677948
667,9.999999747378752e-05,9.999999747378752e-05,0.0029534478671848774,0.0029534478671848774,1.839553713798523
668,9.999999747378752e-05,9.999999747378752e-05,0.004694730043411255,0.004694730043411255,2.619741439819336
669,9.999999747378752e-05,9.999999747378752e-05,0.003142510075122118,0.003142510075122118,1.355291485786438
670,9.999999747378752e-05,9.999999747378752e-05,0.003790894290432334,0.0037909247912466526,3.256061315536499
671,9.999999747378752e-05,9.999999747378752e-05,0.003831954440101981,0.003831954440101981,4.832172870635986
672,9.999999747378752e-05,9.999999747378752e-05,0.008816436864435673,0.004730818327516317,7.06181526184082
673,9.999999747378752e-05,9.999999747378752e-05,0.002888430841267109,0.002888430841267109,1.5343962907791138
674,1.4373526573181152,9.999999747378752e-05,0.004045120906084776,0.004045120906084776,2.4442267417907715
675,1.0282888412475586,20.94013023376465,20.12849235534668,21.40873146057129,18.51300811767578
676,9.999999747378752e-05,9.999999747378752e-05,0.003006430109962821,0.003006430109962821,2.3897125720977783
677,9.999999747378752e-05,9.999999747378752e-05,0.002971022156998515,0.0029712405521422625,1.6488370895385742
678,13.580952644348145,9.999999747378752e-05,0.0728125125169754,0.003103247145190835,12.670548439025879
679,9.45177936553955,9.999999747378752e-05,0.003528825007379055,0.003528825007379055,3.238412380218506
680,9.999999747378752e-05,9.999999747378752e-05,18.319475173950195,0.003172962460666895,1.961238145828247
